Country,Page,Range,Type,Provider
CN,6,8617400XXXXXX,mobile,China Telecom Co Ltd
CN,6,8617402XXXXXX,mobile,China Telecom Co Ltd
CN,6,8617401XXXXXX,mobile,China Telecom Co Ltd
CN,6,8617404XXXXXX,mobile,China Telecom Co Ltd
CN,6,8617403XXXXXX,mobile,China Telecom Co Ltd
CN,6,8617405XXXXXX,mobile,China Telecom Co Ltd
CN,2,861344XXXXXXX,mobile,China Mobile
CN,2,861343XXXXXXX,mobile,China Mobile
CN,1,861342XXXXXXX,mobile,China Mobile
CN,1,861341XXXXXXX,mobile,China Mobile
CN,2,861348XXXXXXX,mobile,China Mobile
CN,2,861347XXXXXXX,mobile,China Mobile
CN,2,861346XXXXXXX,mobile,China Mobile
CN,2,861345XXXXXXX,mobile,China Mobile
CN,1,861340XXXXXXX,mobile,China Mobile
CN,5,861700XXXXXXX,mobile,China Telecom Co Ltd (MVNO)
CN,5,861709XXXXXXX,mobile,China Unicom (MVNO)
CN,5,861704XXXXXXX,mobile,China Unicom (MVNO)
CN,5,861703XXXXXXX,mobile,China Mobile (MVNO)
CN,5,861702XXXXXXX,mobile,China Telecom Co Ltd (MVNO)
CN,5,861701XXXXXXX,mobile,China Telecom Co Ltd (MVNO)
CN,5,861708XXXXXXX,mobile,China Unicom (MVNO)
CN,5,861707XXXXXXX,mobile,China Unicom (MVNO)
CN,5,861706XXXXXXX,mobile,China Mobile (MVNO)
CN,5,861705XXXXXXX,mobile,China Mobile (MVNO)
CN,4,86159XXXXXXXX,mobile,China Mobile
CN,4,86157XXXXXXXX,mobile,China Mobile
CN,4,86158XXXXXXXX,mobile,China Mobile
CN,4,86155XXXXXXXX,mobile,China Unicom
CN,4,86156XXXXXXXX,mobile,China Unicom
CN,4,86153XXXXXXXX,mobile,China Telecom Co Ltd (CDMA)
CN,3,86151XXXXXXXX,mobile,China Mobile
CN,3,86152XXXXXXXX,mobile,China Mobile
CN,3,86150XXXXXXXX,mobile,China Mobile
CN,4,86166XXXXXXXX,mobile,China United Network Communications Group Co Ltd
CN,4,86167XXXXXXXX,mobile,China United Network Communications Group Co Ltd
CN,4,86165XXXXXXXX,mobile,MVNO
CN,7,86177XXXXXXXX,mobile,China Telecom Co Ltd (CDMA)
CN,7,86178XXXXXXXX,mobile,China Mobile
CN,7,86175XXXXXXXX,mobile,China United Network Communications Group Co Ltd
CN,7,86176XXXXXXXX,mobile,China Unicom
CN,6,86173XXXXXXXX,mobile,China Telecom Co Ltd (CDMA)
CN,6,86171XXXXXXXX,mobile,China United Network Communications Group Co Ltd
CN,8,86188XXXXXXXX,mobile,China Mobile
CN,8,86189XXXXXXXX,mobile,China Telecom Co Ltd (CDMA)
CN,8,86186XXXXXXXX,mobile,China Unicom
CN,8,86187XXXXXXXX,mobile,China Mobile
CN,7,86184XXXXXXXX,mobile,China Mobile
CN,7,86185XXXXXXXX,mobile,China Unicom
CN,7,86182XXXXXXXX,mobile,China Mobile
CN,7,86183XXXXXXXX,mobile,China Mobile
CN,7,86180XXXXXXXX,mobile,China Telecom Co Ltd (CDMA)
CN,7,86181XXXXXXXX,mobile,China Telecom Co Ltd (CDMA)
CN,8,86199XXXXXXXX,mobile,China Telecom Co Ltd
CN,8,86198XXXXXXXX,mobile,China Mobile
CN,8,86191XXXXXXXX,mobile,China Telecom Co Ltd
CN,3,86139XXXXXXXX,mobile,China Mobile
CN,2,86137XXXXXXXX,mobile,China Mobile
CN,3,86138XXXXXXXX,mobile,China Mobile
CN,2,86135XXXXXXXX,mobile,China Mobile
CN,2,86136XXXXXXXX,mobile,China Mobile
CN,1,86133XXXXXXXX,mobile,China Telecom Co Ltd (CDMA)
CN,1,86131XXXXXXXX,mobile,China Unicom
CN,1,86132XXXXXXXX,mobile,China Unicom
CN,1,86130XXXXXXXX,mobile,China Unicom
CN,3,86147XXXXXXXX,mobile,China Mobile
CN,3,86145XXXXXXXX,mobile,China Unicom
