Country,Page,Range,Type,Provider
TD,10,+23522525XXX,geographic,Sotel Tchad
TD,11,+23522530XXX,geographic,Sotel Tchad
TD,15,+235225408XX,geographic,Sotel Tchad
TD,10,+23522526XXX,geographic,Sotel Tchad
TD,13,+2352254XXXX,geographic,
TD,10,+23522527XXX,geographic,Sotel Tchad
TD,11,+23522531XXX,geographic,Sotel Tchad
TD,15,+235225409XX,geographic,Sotel Tchad
TD,19,+2352268XXXX,geographic,
TD,23,+23522685XXX,geographic,Sotel Tchad
TD,10,+23522528XXX,geographic,Sotel Tchad
TD,13,+2352254XXXX,geographic,
TD,11,+23522532XXX,geographic,Sotel Tchad
TD,16,+235225418XX,geographic,Sotel Tchad
TD,15,+235225410XX,geographic,Sotel Tchad
TD,19,+2352268XXXX,geographic,
TD,20,+2352268XXXX,geographic,
TD,19,+2352268XXXX,geographic,
TD,15,+235225411XX,geographic,Sotel Tchad
TD,10,+23522529XXX,geographic,Sotel Tchad
TD,23,+23522686XXX,geographic,Sotel Tchad
TD,16,+235225419XX,geographic,Sotel Tchad
TD,21,+23522681XXX,geographic,Sotel Tchad
TD,19,+2352268XXXX,geographic,
TD,20,+2352268XXXX,geographic,
TD,21,+23522682XXX,geographic,Sotel Tchad
TD,19,+2352268XXXX,geographic,
TD,10,+2352253XXXX,geographic,
TD,23,+23522687XXX,geographic,Sotel Tchad
TD,11,+23522533XXX,geographic,Sotel Tchad
TD,16,+235225420XX,geographic,Sotel Tchad
TD,1,235,proper,
TD,14,+2352254XXXX,geographic,
TD,21,+23522682XXX,geographic,Sotel Tchad
TD,18,+2352268XXXX,geographic,
TD,23,+23522688XXX,geographic,Sotel Tchad
TD,13,+2352254XXXX,geographic,
TD,20,+2352268XXXX,geographic,
TD,15,+235225412XX,geographic,Sotel Tchad
TD,28,+2352269XXXX,geographic,
TD,12,+2352254XXXX,geographic,
TD,17,+2352268XXXX,geographic,
TD,19,+2352268XXXX,geographic,
TD,11,+23522534XXX,geographic,Sotel Tchad
TD,27,+2352269XXXX,geographic,
TD,21,+23522683XXX,geographic,Sotel Tchad
TD,18,+2352268XXXX,geographic,
TD,1,+2352230XXXX,wirelessgeographic,Sotel Tchad (Tawali)
TD,10,+2352253XXXX,geographic,
TD,15,+235225413XX,geographic,Sotel Tchad
TD,23,+23522689XXX,geographic,Sotel Tchad
TD,28,+2352269XXXX,geographic,
TD,20,+2352268XXXX,geographic,
TD,13,+2352254XXXX,geographic,
TD,16,+235225421XX,geographic,Sotel Tchad
TD,14,+2352254XXXX,geographic,
TD,24,+2352269XXXX,geographic,
TD,11,+23522535XXX,geographic,Sotel Tchad
TD,19,+2352268XXXX,geographic,
TD,12,+2352254XXXX,geographic,
TD,26,+2352269XXXX,geographic,
TD,17,+2352268XXXX,geographic,
TD,18,+2352268XXXX,geographic,
TD,23,+2352269XXXX,geographic,
TD,10,+2352253XXXX,geographic,
TD,15,+235225414XX,geographic,Sotel Tchad
TD,27,+2352269XXXX,geographic,
TD,20,+2352268XXXX,geographic,
TD,2,+2352250XXXX,geographic,
TD,1,+2352250XXXX,geographic,
TD,13,+2352254XXXX,geographic,
TD,19,+2352268XXXX,geographic,
TD,25,+2352269XXXX,geographic,
TD,18,+2352268XXXX,geographic,
TD,12,+2352254XXXX,geographic,
TD,20,+2352268XXXX,geographic,
TD,30,+235226945XX,geographic,Sotel Tchad
TD,37,+235226987XX,geographic,Sotel Tchad
TD,15,+235225415XX,geographic,Sotel Tchad
TD,10,+2352253XXXX,geographic,
TD,26,+2352269XXXX,geographic,
TD,23,+2352269XXXX,geographic,
TD,27,+2352269XXXX,geographic,
TD,13,+2352254XXXX,geographic,
TD,32,+235226962XX,geographic,Sotel Tchad
TD,16,+235225422XX,geographic,Sotel Tchad
TD,2,+2352250XXXX,geographic,
TD,24,+2352269XXXX,geographic,
TD,25,+2352269XXXX,geographic,
TD,15,+235225416XX,geographic,Sotel Tchad
TD,19,+2352268XXXX,geographic,
TD,30,+235226946XX,geographic,Sotel Tchad
TD,10,+2352253XXXX,geographic,
TD,17,+2352268XXXX,geographic,
TD,11,+23522536XXX,geographic,Sotel Tchad
TD,16,+235225423XX,geographic,Sotel Tchad
TD,37,+235226988XX,geographic,Sotel Tchad
TD,27,+2352269XXXX,geographic,
TD,26,+2352269XXXX,geographic,
TD,28,+2352269XXXX,geographic,
TD,21,+23522683XXX,geographic,Sotel Tchad
TD,1,+2352250XXXX,geographic,
TD,25,+2352269XXXX,geographic,
TD,29,+235226935XX,geographic,Sotel Tchad
TD,16,+235225424XX,geographic,Sotel Tchad
TD,18,+2352268XXXX,geographic,
TD,30,+235226947XX,geographic,Sotel Tchad
TD,23,+2352269XXXX,geographic,
TD,20,+2352268XXXX,geographic,
TD,13,+2352254XXXX,geographic,
TD,14,+235225400XX,geographic,Sotel Tchad
TD,17,+2352268XXXX,geographic,
TD,11,+23522537XXX,geographic,Sotel Tchad
TD,38,+235226992XX,geographic,Sotel Tchad
TD,32,+235226963XX,geographic,Sotel Tchad
TD,26,+2352269XXXX,geographic,
TD,12,+2352254XXXX,geographic,
TD,15,+235225417XX,geographic,Sotel Tchad
TD,24,+2352269XXXX,geographic,
TD,2,+2352250XXXX,geographic,
TD,31,+235226955XX,geographic,Sotel Tchad
TD,21,+235226840XX,geographic,Sotel Tchad
TD,19,+2352268XXXX,geographic,
TD,27,+2352269XXXX,geographic,
TD,1,+2352250XXXX,geographic,
TD,16,+2352268XXXX,geographic,
TD,25,+2352269XXXX,geographic,
TD,18,+2352268XXXX,geographic,
TD,24,+2352269XXXX,geographic,
TD,36,+235226982XX,geographic,Sotel Tchad
TD,38,+235226993XX,geographic,Sotel Tchad
TD,1,+2352250XXXX,geographic,
TD,29,+235226936XX,geographic,Sotel Tchad
TD,37,+235226988XX,geographic,Sotel Tchad
TD,2,+2352250XXXX,geographic,
TD,31,+235226956XX,geographic,Sotel Tchad
TD,20,+23522680XXX,geographic,Sotel Tchad
TD,12,+2352254XXXX,geographic,
TD,30,+235226948XX,geographic,Sotel Tchad
TD,21,+235226840XX,geographic,Sotel Tchad
TD,32,+235226963XX,geographic,Sotel Tchad
TD,18,+2352268XXXX,geographic,
TD,24,+2352269XXXX,geographic,
TD,16,+2352268XXXX,geographic,
TD,23,+2352269XXXX,geographic,
TD,28,+2352269XXXX,geographic,
TD,38,+235226994XX,geographic,Sotel Tchad
TD,11,+23522538XXX,geographic,Sotel Tchad
TD,35,+235226977XX,geographic,Sotel Tchad
TD,27,+2352269XXXX,geographic,
TD,33,+235226967XX,geographic,Sotel Tchad
TD,36,+235226983XX,geographic,Sotel Tchad
TD,26,+2352269XXXX,geographic,
TD,17,+2352268XXXX,geographic,
TD,1,+2352250XXXX,geographic,
TD,22,+235226842XX,geographic,Sotel Tchad
TD,2,+2352250XXXX,geographic,
TD,21,+235226841XX,geographic,Sotel Tchad
TD,37,+235226989XX,geographic,Sotel Tchad
TD,32,+235226964XX,geographic,Sotel Tchad
TD,13,+2352254XXXX,geographic,
TD,38,+235226995XX,geographic,Sotel Tchad
TD,12,+2352254XXXX,geographic,
TD,29,+235226937XX,geographic,Sotel Tchad
TD,28,+2352269XXXX,geographic,
TD,26,+2352269XXXX,geographic,
TD,35,+235226978XX,geographic,Sotel Tchad
TD,14,+235225401XX,geographic,Sotel Tchad
TD,30,+235226949XX,geographic,Sotel Tchad
TD,22,+235226843XX,geographic,Sotel Tchad
TD,24,+2352269XXXX,geographic,
TD,16,+2352268XXXX,geographic,
TD,11,+23522539XXX,geographic,Sotel Tchad
TD,23,+2352269XXXX,geographic,
TD,27,+2352269XXXX,geographic,
TD,1,+2352250XXXX,geographic,
TD,36,+235226983XX,geographic,Sotel Tchad
TD,18,+2352268XXXX,geographic,
TD,31,+235226957XX,geographic,Sotel Tchad
TD,25,+2352269XXXX,geographic,
TD,13,+2352254XXXX,geographic,
TD,3,+2352250XXXX,geographic,
TD,38,+235226996XX,geographic,Sotel Tchad
TD,33,+235226968XX,geographic,Sotel Tchad
TD,12,+2352254XXXX,geographic,
TD,20,+23522680XXX,geographic,Sotel Tchad
TD,36,+235226984XX,geographic,Sotel Tchad
TD,14,+235225402XX,geographic,Sotel Tchad
TD,26,+2352269XXXX,geographic,
TD,30,+235226950XX,geographic,Sotel Tchad
TD,31,+235226958XX,geographic,Sotel Tchad
TD,29,+235226938XX,geographic,Sotel Tchad
TD,25,+2352269XXXX,geographic,
TD,4,+2352250XXXX,geographic,
TD,28,+2352269XXXX,geographic,
TD,18,+2352268XXXX,geographic,
TD,22,+235226843XX,geographic,Sotel Tchad
TD,37,+235226989XX,geographic,Sotel Tchad
TD,21,+235226841XX,geographic,Sotel Tchad
TD,3,+2352250XXXX,geographic,
TD,32,+235226964XX,geographic,Sotel Tchad
TD,33,+235226968XX,geographic,Sotel Tchad
TD,25,+2352269XXXX,geographic,
TD,24,+2352269XXXX,geographic,
TD,36,+235226984XX,geographic,Sotel Tchad
TD,1,+2352250XXXX,geographic,
TD,8,+2352251XXXX,geographic,
TD,12,+2352254XXXX,geographic,
TD,17,+2352268XXXX,geographic,
TD,38,+235226997XX,geographic,Sotel Tchad
TD,35,+235226978XX,geographic,Sotel Tchad
TD,20,+23522681XXX,geographic,Sotel Tchad
TD,37,+235226990XX,geographic,Sotel Tchad
TD,30,+235226951XX,geographic,Sotel Tchad
TD,2,+2352250XXXX,geographic,
TD,3,+2352250XXXX,geographic,
TD,18,+2352268XXXX,geographic,
TD,4,+2352250XXXX,geographic,
TD,32,+235226965XX,geographic,Sotel Tchad
TD,1,+2352250XXXX,geographic,
TD,13,+2352254XXXX,geographic,
TD,29,+235226939XX,geographic,Sotel Tchad
TD,36,+235226985XX,geographic,Sotel Tchad
TD,39,+235620XXXXX,mobile,Airtel Tchad S.A. (Zain)
TD,27,+2352269XXXX,geographic,
TD,14,+235225403XX,geographic,Sotel Tchad
TD,33,+235226969XX,geographic,Sotel Tchad
TD,39,+235630XXXXX,mobile,Airtel Tchad S.A. (Zain)
TD,25,+2352269XXXX,geographic,
TD,34,+235226972XX,geographic,Sotel Tchad
TD,22,+235226844XX,geographic,Sotel Tchad
TD,8,+2352251XXXX,geographic,
TD,39,+235631XXXXX,mobile,Airtel Tchad S.A. (Zain)
TD,31,+235226959XX,geographic,Sotel Tchad
TD,38,+235226998XX,geographic,Sotel Tchad
TD,39,+235632XXXXX,mobile,Airtel Tchad S.A. (Zain)
TD,28,+2352269XXXX,geographic,
TD,21,+235226842XX,geographic,Sotel Tchad
TD,24,+2352269XXXX,geographic,
TD,4,+2352250XXXX,geographic,
TD,37,+235226990XX,geographic,Sotel Tchad
TD,5,+2352250XXXX,geographic,
TD,2,+2352250XXXX,geographic,
TD,26,+2352269XXXX,geographic,
TD,12,+2352254XXXX,geographic,
TD,39,+235633XXXXX,mobile,Airtel Tchad S.A. (Zain)
TD,32,+235226965XX,geographic,Sotel Tchad
TD,39,+235634XXXXX,mobile,Airtel Tchad S.A. (Zain)
TD,34,+235226973XX,geographic,Sotel Tchad
TD,25,+2352269XXXX,geographic,
TD,39,+2352290XXXX,wirelessgeographic,Sotel Tchad (Tawali)
TD,35,+235226979XX,geographic,Sotel Tchad
TD,31,+235226960XX,geographic,Sotel Tchad
TD,22,+235226844XX,geographic,Sotel Tchad
TD,36,+235226985XX,geographic,Sotel Tchad
TD,8,+23522510XXX,geographic,Sotel Tchad
TD,26,+2352269XXXX,geographic,
TD,2,+2352250XXXX,geographic,
TD,24,+2352269XXXX,geographic,
TD,5,+2352250XXXX,geographic,
TD,33,+235226969XX,geographic,Sotel Tchad
TD,39,+235635XXXXX,mobile,Airtel Tchad S.A. (Zain)
TD,38,+235226999XX,geographic,Sotel Tchad
TD,27,+2352269XXXX,geographic,
TD,14,+235225404XX,geographic,Sotel Tchad
TD,7,+235225072XX,geographic,Sotel Tchad
TD,28,+2352269XXXX,geographic,
TD,34,+235226973XX,geographic,Sotel Tchad
TD,17,+2352268XXXX,geographic,
TD,39,+23565XXXXXX,mobile,Airtel Tchad S.A. (Zain)
TD,29,+235226940XX,geographic,Sotel Tchad
TD,32,+235226966XX,geographic,Sotel Tchad
TD,12,+2352254XXXX,geographic,
TD,30,+235226952XX,geographic,Sotel Tchad
TD,39,+2356XXXXXXX,mobile,Airtel Tchad S.A. (Zain)
TD,22,+235226845XX,geographic,Sotel Tchad
TD,40,+235660XXXXX,mobile,Airtel Tchad S.A. (Zain)
TD,31,+235226960XX,geographic,Sotel Tchad
TD,37,+235226991XX,geographic,Sotel Tchad
TD,26,+2352269XXXX,geographic,
TD,4,+2352250XXXX,geographic,
TD,29,+235226941XX,geographic,Sotel Tchad
TD,36,+235226986XX,geographic,Sotel Tchad
TD,2,+2352250XXXX,geographic,
TD,30,+235226953XX,geographic,Sotel Tchad
TD,40,+235661XXXXX,mobile,Airtel Tchad S.A. (Zain)
TD,25,+2352269XXXX,geographic,
TD,7,+235225073XX,geographic,Sotel Tchad
TD,3,+2352250XXXX,geographic,
TD,22,+235226846XX,geographic,Sotel Tchad
TD,27,+2352269XXXX,geographic,
TD,17,+2352268XXXX,geographic,
TD,31,+235226961XX,geographic,Sotel Tchad
TD,33,+235226970XX,geographic,Sotel Tchad
TD,40,+2356620XXXX,mobile,Airtel Tchad S.A. (Zain)
TD,8,+23522511XXX,geographic,Sotel Tchad
TD,4,+2352250XXXX,geographic,
TD,24,+2352269XXXX,geographic,
TD,40,+235662XXXXX,mobile,Airtel Tchad S.A. (Zain)
TD,7,+235225074XX,geographic,Sotel Tchad
TD,40,+235663XXXXX,mobile,Airtel Tchad S.A. (Zain)
TD,40,+235664XXXXX,mobile,Airtel Tchad S.A. (Zain)
TD,34,+235226974XX,geographic,Sotel Tchad
TD,38,+2352270XXXX,wirelessgeographic,Sotel Tchad (Tawali)
TD,5,+23522500XXX,geographic,Sotel Tchad
TD,35,+235226979XX,geographic,Sotel Tchad
TD,22,+235226847XX,geographic,Sotel Tchad
TD,37,+235226991XX,geographic,Sotel Tchad
TD,8,+23522512XXX,geographic,Sotel Tchad
TD,29,+235226942XX,geographic,Sotel Tchad
TD,4,+2352250XXXX,geographic,
TD,40,+235665XXXXX,mobile,Airtel Tchad S.A. (Zain)
TD,3,+2352250XXXX,geographic,
TD,36,+235226986XX,geographic,Sotel Tchad
TD,7,+235225075XX,geographic,Sotel Tchad
TD,40,+235666XXXXX,mobile,Airtel Tchad S.A. (Zain)
TD,2,+2352250XXXX,geographic,
TD,38,+2352280XXXX,wirelessgeographic,Sotel Tchad (Tawali)
TD,34,+235226974XX,geographic,Sotel Tchad
TD,40,+2356679XXXX,mobile,Airtel Tchad S.A. (Zain)
TD,6,+235225026XX,geographic,Sotel Tchad
TD,28,+2352269XXXX,geographic,
TD,36,+235226987XX,geographic,Sotel Tchad
TD,14,+235225405XX,geographic,Sotel Tchad
TD,3,+2352250XXXX,geographic,
TD,30,+235226954XX,geographic,Sotel Tchad
TD,32,+235226966XX,geographic,Sotel Tchad
TD,37,+235226992XX,geographic,Sotel Tchad
TD,35,+235226980XX,geographic,Sotel Tchad
TD,7,+235225076XX,geographic,Sotel Tchad
TD,40,+235667XXXXX,mobile,Airtel Tchad S.A. (Zain)
TD,8,+23522513XXX,geographic,Sotel Tchad
TD,33,+235226970XX,geographic,Sotel Tchad
TD,31,+235226961XX,geographic,Sotel Tchad
TD,41,+235668XXXXX,mobile,Airtel Tchad S.A. (Zain)
TD,5,+23522501XXX,geographic,Sotel Tchad
TD,41,+235669XXXXX,mobile,Airtel Tchad S.A. (Zain)
TD,4,+2352250XXXX,geographic,
TD,22,+235226848XX,geographic,Sotel Tchad
TD,17,+2352268XXXX,geographic,
TD,41,+235777XXXXX,mobile,Tchad Mobile (Salam)
TD,3,+2352250XXXX,geographic,
TD,22,+235226849XX,geographic,Sotel Tchad
TD,41,+23577XXXXXX,mobile,Tchad Mobile (Salam)
TD,6,+235225027XX,geographic,Sotel Tchad
TD,41,+235950XXXXX,mobile,Millicom (Tigo)
TD,34,+235226975XX,geographic,Sotel Tchad
TD,41,+235951XXXXX,mobile,Millicom (Tigo)
TD,5,+235225020XX,geographic,Sotel Tchad
TD,35,+235226980XX,geographic,Sotel Tchad
TD,4,+2352250XXXX,geographic,
TD,41,+235952XXXXX,mobile,Millicom (Tigo)
TD,17,+2352268XXXX,geographic,
TD,14,+235225406XX,geographic,Sotel Tchad
TD,28,+2352269XXXX,geographic,
TD,41,+235953XXXXX,mobile,Millicom (Tigo)
TD,4,+2352250XXXX,geographic,
TD,41,+235954XXXXX,mobile,Millicom (Tigo)
TD,9,+23522518XXX,geographic,Sotel Tchad
TD,3,+2352250XXXX,geographic,
TD,14,+235225407XX,geographic,Sotel Tchad
TD,5,+235225021XX,geographic,Sotel Tchad
TD,41,+235990XXXXX,mobile,Millicom (Tigo)
TD,33,+235226971XX,geographic,Sotel Tchad
TD,29,+235226943XX,geographic,Sotel Tchad
TD,42,+235991XXXXX,mobile,Millicom (Tigo)
TD,7,+235225077XX,geographic,Sotel Tchad
TD,34,+235226975XX,geographic,Sotel Tchad
TD,32,+235226967XX,geographic,Sotel Tchad
TD,42,+235992XXXXX,mobile,Millicom (Tigo)
TD,42,+235993XXXXX,mobile,Millicom (Tigo)
TD,35,+235226981XX,geographic,Sotel Tchad
TD,7,+235225078XX,geographic,Sotel Tchad
TD,34,+235226976XX,geographic,Sotel Tchad
TD,42,+235994XXXXX,mobile,Millicom (Tigo)
TD,42,+235995XXXXX,mobile,Millicom (Tigo)
TD,3,+2352250XXXX,geographic,
TD,9,+23522519XXX,geographic,Sotel Tchad
TD,42,+235996XXXXX,mobile,Millicom (Tigo)
TD,33,+235226971XX,geographic,Sotel Tchad
TD,42,+235997XXXXX,mobile,Millicom (Tigo)
TD,6,+235225028XX,geographic,Sotel Tchad
TD,8,+23522514XXX,geographic,Sotel Tchad
TD,42,+2359980XXXX,mobile,Millicom (Tigo)
TD,42,+235998XXXXX,mobile,Millicom (Tigo)
TD,34,+235226976XX,geographic,Sotel Tchad
TD,42,+235999XXXXX,mobile,Millicom (Tigo)
TD,5,+235225022XX,geographic,Sotel Tchad
TD,31,+235226962XX,geographic,Sotel Tchad
TD,35,+235226981XX,geographic,Sotel Tchad
TD,4,+2352250XXXX,geographic,
TD,29,+235226944XX,geographic,Sotel Tchad
TD,9,+2352252XXXX,geographic,
TD,7,+235225079XX,geographic,Sotel Tchad
TD,5,+235225023XX,geographic,Sotel Tchad
TD,34,+235226977XX,geographic,Sotel Tchad
TD,33,+235226972XX,geographic,Sotel Tchad
TD,5,+235225024XX,geographic,Sotel Tchad
TD,35,+235226982XX,geographic,Sotel Tchad
TD,8,+23522515XXX,geographic,Sotel Tchad
TD,6,+235225029XX,geographic,Sotel Tchad
TD,3,+2352250XXXX,geographic,
TD,8,+23522516XXX,geographic,Sotel Tchad
TD,5,+235225025XX,geographic,Sotel Tchad
TD,6,+23522503XXX,geographic,Sotel Tchad
TD,7,+23522508XXX,geographic,Sotel Tchad
TD,9,+2352252XXXX,geographic,
TD,8,+23522517XXX,geographic,Sotel Tchad
TD,9,+2352252XXXX,geographic,
TD,6,+23522504XXX,geographic,Sotel Tchad
TD,7,+23522509XXX,geographic,Sotel Tchad
TD,9,+23522520XXX,geographic,Sotel Tchad
TD,6,+23522505XXX,geographic,Sotel Tchad
TD,9,+23522521XXX,geographic,Sotel Tchad
TD,6,+23522506XXX,geographic,Sotel Tchad
TD,9,+23522522XXX,geographic,Sotel Tchad
TD,6,+235225070XX,geographic,Sotel Tchad
TD,9,+23522523XXX,geographic,Sotel Tchad
TD,6,+235225071XX,geographic,Sotel Tchad
TD,9,+23522524XXX,geographic,Sotel Tchad
